master_id;user_id;group_id;company_id;master_user_name;user_name;first_name;last_name;image_url;email;group_name;company_name;created_date;modified_date
275ba041-790b-41eb-85d2-3375031b84a2;17252;13681;53645;white;Licensed Frozen Car supply-chains matrix;Jillian;Feil;Car Refined;Rebecca.Pouros@yahoo.com;neural Arizona;Shoals;2020-09-14T02:47:13;2020-09-13T14:52:05
db46e179-ce8e-4068-b393-c601d6c55f4b;46730;85872;49692;United Kingdom;intuitive customized;Berry;Hegmann;Handcrafted Granite Ball;Emelie_Carroll@yahoo.com;Electronics;Tasty Wooden Keyboard Anguilla;2020-09-13T16:14:57;2020-09-14T00:32:05
81821530-af32-4ac4-9c87-87d10859ea6c;87669;47013;67421;deposit;e-tailers extranet B2B;Marvin;Tremblay;index capability Small;Elna_Brown31@gmail.com;solid state help-desk generating;compress;2020-09-14T01:15:23;2020-09-14T02:47:45
4344f764-b784-40c4-83e7-504ccf83fae1;15973;76420;14968;Steel;programming Common;Crawford;Walter;Nevada bypassing;Sarai84@gmail.com;generating Zambia Trafficway;contingency;2020-09-14T01:55:56;2020-09-13T18:42:28
84ebd3e6-cfb5-4032-ab1e-d43358ac6ab4;90731;26511;4586;Digitized Handmade Metal Tuna front-end;Forward Outdoors;Camille;Littel;Health Personal Loan Account deposit;Frieda_Block@gmail.com;Oregon;Berkshire indexing;2020-09-13T12:09:20;2020-09-13T21:17:23
31dd540b-5562-418d-b3c3-bacf963d3c82;43892;76371;43708;Canadian Dollar;Car complexity Ergonomic Plastic Salad;Helen;Quigley;alarm Small;Dorothea.Hyatt@gmail.com;UAE Dirham Forge;sensor;2020-09-13T14:33:14;2020-09-13T12:16:32
94824abc-b103-4238-bcb9-e68eddd3d248;25120;28077;32689;Vermont Massachusetts;Functionality sexy;Grant;Schulist;Electronics Security Iowa;Blair_Wehner61@gmail.com;Gambia Personal Loan Account Ergonomic;Berkshire Optimized;2020-09-13T10:59:16;2020-09-14T02:06:33
4e96b359-ed8c-4b82-b928-0bfd0ccbab86;24893;32353;14502;Engineer unleash;stable strategic;Dixie;Tromp;Integration HTTP;Nikita_Hilll92@yahoo.com;sticky Refined Soft Hat;interactive;2020-09-13T11:03:58;2020-09-13T10:24:49
1eef77f2-4050-4027-81e1-46a9c0277c37;40243;80926;91746;Missouri;Florida;Sydnee;Fisher;Hat Shoes;Leilani.Zemlak3@yahoo.com;e-enable monitoring;vertical;2020-09-13T22:58:24;2020-09-13T18:54:17
2fdb18b6-bc5b-4928-b47b-efdd55760659;64924;42677;82893;generating;overriding Fresh;Leora;Marks;Sausages;Kenya32@gmail.com;architectures world-class;Cambridgeshire;2020-09-14T03:56:27;2020-09-14T05:22:09
